,URL,BRAND,ITEM,DISCOUNTED PRICE,MRP,STARS,NUMBER OF RATINGS,NUMBER OF REVIEWS,LIST OF REVIEWS
0,https://flipkart.com/manaitri-floral-print-girls-regular-multicolor-skirt/p/itmacb100350cc37?pid=SKIG6GGRRH6SACRE&lid=LSTSKIG6GGRRH6SACREZKWHM0&marketplace=FLIPKART&store=clo%2Fvua%2Fiku&srno=b_1_1&otracker=browse&fm=organic&iid=en_JKUuD7M4UgkZ%2BF79sQVFP9BSHcmLJN%2FcnGDDuIDKVtBuiMM6goMHUPsUK32A9ZBZnBbbb9Eyc%2BcKYyRibUKsQQ%3D%3D&ppt=None&ppn=None&ssid=ifg1tanbrk0000001670218388920,Manaitri¬†, ,‚Çπ475,"‚Çπ1,999",4,289,33,"['Nice', 'Excellent', 'Good product']"
1,https://flipkart.com/presha-printed-women-regular-multicolor-skirt/p/itm89870518df2ac?pid=SKIGJR2PYNYZCYQC&lid=LSTSKIGJR2PYNYZCYQCMYNTNO&marketplace=FLIPKART&store=clo%2Fvua%2Fiku&srno=b_1_2&otracker=browse&fm=organic&iid=en_JKUuD7M4UgkZ%2BF79sQVFP9BSHcmLJN%2FcnGDDuIDKVtBPjaI%2BBmMvHkwmHq8mpzqcLx%2B5GXeCLLcQ2n2v5N9HNA%3D%3D&ppt=None&ppn=None&ssid=ifg1tanbrk0000001670218388920,Presha¬†, ,‚Çπ499,‚Çπ799,5,4,3,"['Thanks flipkart  Very good  product', 'Nice üëå', 'Best pair skirtWorth ittt‚ù§Ô∏è‚ù§Ô∏è‚ù§Ô∏è']"
2,https://flipkart.com/zwerlon-self-design-women-pleated-dark-blue-skirt/p/itmce90b9da31520?pid=SKIG2UB8FZGTMF54&lid=LSTSKIG2UB8FZGTMF54PDTLEQ&marketplace=FLIPKART&store=clo%2Fvua%2Fiku&srno=b_1_3&otracker=browse&fm=organic&iid=54492f58-4f30-4c61-a1d9-5b971568f439.SKIG2UB8FZGTMF54.SEARCH&ppt=None&ppn=None&ssid=ifg1tanbrk0000001670218388920,ZWERLON¬†, ,‚Çπ229,‚Çπ999,4,8891,701,"['Too good for the price paid. A big yes if you ask me to go for it.', 'Perfect!', ""It's good and worth purchase""]"
3,https://flipkart.com/zwerlon-self-design-women-pleated-light-green-skirt/p/itm7e5d97eb3c155?pid=SKIG4UZUNHGNQSBG&lid=LSTSKIG4UZUNHGNQSBGRWTVNT&marketplace=FLIPKART&store=clo%2Fvua%2Fiku&srno=b_1_4&otracker=browse&fm=organic&iid=54492f58-4f30-4c61-a1d9-5b971568f439.SKIG4UZUNHGNQSBG.SEARCH&ppt=None&ppn=None&ssid=ifg1tanbrk0000001670218388920,ZWERLON¬†, ,‚Çπ229,‚Çπ999,4,8891,701,"['Too good for the price paid. A big yes if you ask me to go for it.', 'Perfect!', ""It's good and worth purchase""]"
4,https://flipkart.com/berrylush-floral-print-women-pencil-blue-skirt/p/itma3921a079cf09?pid=SKIGHYFZCGMZYDXG&lid=LSTSKIGHYFZCGMZYDXGQ42FXS&marketplace=FLIPKART&store=clo%2Fvua%2Fiku&srno=b_1_5&otracker=browse&fm=organic&iid=54492f58-4f30-4c61-a1d9-5b971568f439.SKIGHYFZCGMZYDXG.SEARCH&ppt=None&ppn=None&ssid=ifg1tanbrk0000001670218388920,Berrylush¬†, ,‚Çπ191,"‚Çπ1,599",4.3,19,0,[]
5,https://flipkart.com/zwerlon-solid-women-pleated-purple-skirt/p/itm3189af40024da?pid=SKIG3VT2FBNZBZFR&lid=LSTSKIG3VT2FBNZBZFRGWGTJP&marketplace=FLIPKART&store=clo%2Fvua%2Fiku&srno=b_1_6&otracker=browse&fm=organic&iid=54492f58-4f30-4c61-a1d9-5b971568f439.SKIG3VT2FBNZBZFR.SEARCH&ppt=None&ppn=None&ssid=ifg1tanbrk0000001670218388920,ZWERLON¬†, ,‚Çπ229,"‚Çπ1,999",4.1,849,90,"['Soft fabric with light weight... Very comfortable to wear. Go for it', 'Good quality.. Love it!!', 'I was really surprised .... as seen in the ad .....No thickness but no problem..... thanks Flipkart .. this is the first shopping ... this is a great experience ...']"
6,https://flipkart.com/dl-fashion-solid-women-flared-black-skirt/p/itm66a6510a9e7f5?pid=SKIFYFSRNDVJJCJC&lid=LSTSKIFYFSRNDVJJCJCKNX64J&marketplace=FLIPKART&store=clo%2Fvua%2Fiku&srno=b_1_7&otracker=browse&fm=organic&iid=54492f58-4f30-4c61-a1d9-5b971568f439.SKIFYFSRNDVJJCJC.SEARCH&ppt=None&ppn=None&ssid=ifg1tanbrk0000001670218388920,DL Fashion¬†, ,‚Çπ370,‚Çπ999,4,3510,344,"['I very happy to buy this product..it is very beautiful skirt.. material is good nt great but overall i loved it..', 'Great üëç lovely skirt üòç amazingly', 'The skirt is of good quality']"
7,https://flipkart.com/saptarang-floral-print-women-flared-pink-skirt/p/itm03ee403b96301?pid=SKIG6F6QM3JHCCYC&lid=LSTSKIG6F6QM3JHCCYCMUVS2W&marketplace=FLIPKART&store=clo%2Fvua%2Fiku&srno=b_1_8&otracker=browse&fm=organic&iid=en_JKUuD7M4UgkZ%2BF79sQVFP9BSHcmLJN%2FcnGDDuIDKVtDfFV%2FXvbsWSqCyboMnLuBjVRL4iSc7QCIWYfBjPKkAQQ%3D%3D&ppt=None&ppn=None&ssid=ifg1tanbrk0000001670218388920,saptarang¬†, ,‚Çπ442,"‚Çπ1,299",4.5,28,1,['Look fed but good product']
8,https://flipkart.com/dl-fashion-solid-women-flared-black-skirt/p/itme775403061819?pid=SKIFNHFCJFJE7HHR&lid=LSTSKIFNHFCJFJE7HHRV0RK7J&marketplace=FLIPKART&store=clo%2Fvua%2Fiku&srno=b_1_9&otracker=browse&fm=organic&iid=54492f58-4f30-4c61-a1d9-5b971568f439.SKIFNHFCJFJE7HHR.SEARCH&ppt=None&ppn=None&ssid=ifg1tanbrk0000001670218388920,DL Fashion¬†, ,‚Çπ239,‚Çπ999,4,4710,477,"['Good quality', 'It was good üòä', 'Nice cloth fabric and so much comfortable!üíó']"
9,https://flipkart.com/aask-solid-women-pleated-black-skirt/p/itm861465d9a32ba?pid=SKIGAXZYJ5TVRVHH&lid=LSTSKIGAXZYJ5TVRVHHH56U6S&marketplace=FLIPKART&store=clo%2Fvua%2Fiku&srno=b_1_10&otracker=browse&fm=organic&iid=54492f58-4f30-4c61-a1d9-5b971568f439.SKIGAXZYJ5TVRVHH.SEARCH&ppt=None&ppn=None&ssid=ifg1tanbrk0000001670218388920,AASK¬†, ,‚Çπ229,"‚Çπ1,699",4,7886,724,"['Good', 'Ok', ""No lining inside the skirt but outer look is as shown as picture but it's transparent""]"
10,https://flipkart.com/purple-feather-solid-women-pencil-black-skirt/p/itmf3y4nuyvabgxe?pid=SKIEK7SV2VJVDHJ8&lid=LSTSKIEK7SV2VJVDHJ8LYQBKW&marketplace=FLIPKART&store=clo%2Fvua%2Fiku&srno=b_1_11&otracker=browse&fm=organic&iid=54492f58-4f30-4c61-a1d9-5b971568f439.SKIEK7SV2VJVDHJ8.SEARCH&ppt=None&ppn=None&ssid=ifg1tanbrk0000001670218388920,Purple Feather¬†, ,‚Çπ349,"‚Çπ1,499",4.1,4510,620,"['Nice and comfortable for office purpose', 'Good as per the description. Fits well too. Worth buying', 'Nice one']"
11,https://flipkart.com/kanchuk-self-design-women-flared-brown-skirt/p/itm23454b603c719?pid=SKIGKJR23HG7MTZF&lid=LSTSKIGKJR23HG7MTZFUQYHVE&marketplace=FLIPKART&store=clo%2Fvua%2Fiku&srno=b_1_12&otracker=browse&fm=organic&iid=en_JKUuD7M4UgkZ%2BF79sQVFP9BSHcmLJN%2FcnGDDuIDKVtDloJY4s7%2F24peo2eHr4KeqYbgludeT3X36sMFPh6ChOA%3D%3D&ppt=None&ppn=None&ssid=ifg1tanbrk0000001670218388920,KANCHUK¬†, ,‚Çπ899,"‚Çπ2,199",0,0,0,[]
12,https://flipkart.com/deklook-solid-women-pleated-black-skirt/p/itm32d94d0ce4c92?pid=SKIG6KYSZ4ZPBCZH&lid=LSTSKIG6KYSZ4ZPBCZHNGJYWV&marketplace=FLIPKART&store=clo%2Fvua%2Fiku&srno=b_1_13&otracker=browse&fm=organic&iid=54492f58-4f30-4c61-a1d9-5b971568f439.SKIG6KYSZ4ZPBCZH.SEARCH&ppt=None&ppn=None&ssid=ifg1tanbrk0000001670218388920,Deklook¬†, ,‚Çπ299,"‚Çπ1,999",3.9,1570,102,"['Beautiful Skirt! Go for it!', 'Gud ...', 'Same as shown! I liked itüòÉ']"
13,https://flipkart.com/montrez-solid-women-a-line-blue-skirt/p/itmed33543422207?pid=SKIGFGEQSZ5EG2NZ&lid=LSTSKIGFGEQSZ5EG2NZGF2T0S&marketplace=FLIPKART&store=clo%2Fvua%2Fiku&srno=b_1_14&otracker=browse&fm=organic&iid=54492f58-4f30-4c61-a1d9-5b971568f439.SKIGFGEQSZ5EG2NZ.SEARCH&ppt=None&ppn=None&ssid=ifg1tanbrk0000001670218388920,MONTREZ¬†, ,‚Çπ349,"‚Çπ1,499",4.1,5616,562,"['Nice', 'Super product. Deniem material,light blue in clour, my waist size is 30 but for this skirt choose 28  thats give u perfect fit.üòÅ', 'Nice skirt , very pretty colth .']"
14,https://flipkart.com/royal-taylor-solid-women-pleated-black-skirt/p/itmc6a46ec13b964?pid=SKIG4RF4ASUZRYJN&lid=LSTSKIG4RF4ASUZRYJNQ9HVL1&marketplace=FLIPKART&store=clo%2Fvua%2Fiku&spotlightTagId=BestsellerId_clo%2Fvua%2Fiku&srno=b_1_15&otracker=browse&fm=organic&iid=54492f58-4f30-4c61-a1d9-5b971568f439.SKIG4RF4ASUZRYJN.SEARCH&ppt=None&ppn=None&ssid=ifg1tanbrk0000001670218388920,ROYAL TAYLOR¬†, ,‚Çπ329,"‚Çπ1,599",4,2713,248,"['Nyc pdct', 'Very nice skirt', 'Very nice i like it']"
15,https://flipkart.com/cutiekins-printed-girls-regular-multicolor-skirt/p/itmcb30eea18044b?pid=SKIFZZS3UZDEJF2H&lid=LSTSKIFZZS3UZDEJF2HZYXQ6R&marketplace=FLIPKART&store=clo%2Fvua%2Fiku&srno=b_1_16&otracker=browse&fm=organic&iid=en_JKUuD7M4UgkZ%2BF79sQVFP9BSHcmLJN%2FcnGDDuIDKVtBxFf4BzaEs9p1utQszCIdu5rOOoSXqEYK4xR%2BTIhbvTA%3D%3D&ppt=None&ppn=None&ssid=ifg1tanbrk0000001670218388920,CUTIEKINS¬†, ,‚Çπ345,"‚Çπ1,099",4,102,14,"['Best üëçüëçüëç', 'Cheap quality', 'Perfect design with perfect quality']"
16,https://flipkart.com/zwerlon-solid-women-pleated-black-skirt/p/itm833d21a7f1962?pid=SKIG9XXZGZAGQTNH&lid=LSTSKIG9XXZGZAGQTNHQZNZG6&marketplace=FLIPKART&store=clo%2Fvua%2Fiku&srno=b_1_17&otracker=browse&fm=organic&iid=54492f58-4f30-4c61-a1d9-5b971568f439.SKIG9XXZGZAGQTNH.SEARCH&ppt=None&ppn=None&ssid=ifg1tanbrk0000001670218388920,ZWERLON¬†, ,‚Çπ229,‚Çπ999,3.9,139,12,"['Fantastic üòçüòç', 'Nice product', 'Classy product,love it']"
17,https://flipkart.com/nuevosdamas-floral-print-striped-women-pleated-pink-skirt/p/itm3896ac7d6eca0?pid=SKIG3KP424GVYESN&lid=LSTSKIG3KP424GVYESN6DBCMU&marketplace=FLIPKART&store=clo%2Fvua%2Fiku&srno=b_1_18&otracker=browse&fm=organic&iid=54492f58-4f30-4c61-a1d9-5b971568f439.SKIG3KP424GVYESN.SEARCH&ppt=None&ppn=None&ssid=ifg1tanbrk0000001670218388920,NUEVOSDAMAS¬†, ,‚Çπ382,"‚Çπ1,599",4.1,1479,158,"['I loved it', 'Loved the skirt for this price! The material is good and looks perfect for spring!', 'Worth for Money Good fabric Looks casual']"
18,https://flipkart.com/tokyo-talkies-checkered-women-pleated-pink-skirt/p/itma64aac6c9d46d?pid=SKIGAMARCTVXHAME&lid=LSTSKIGAMARCTVXHAMEG15W3G&marketplace=FLIPKART&store=clo%2Fvua%2Fiku&srno=b_1_19&otracker=browse&fm=organic&iid=54492f58-4f30-4c61-a1d9-5b971568f439.SKIGAMARCTVXHAME.SEARCH&ppt=None&ppn=None&ssid=ifg1tanbrk0000001670218388920,Tokyo Talkies¬†, ,‚Çπ364,"‚Çπ1,299",4.3,487,59,"['Its soo cute n super high waist, i brought 28...its bit tight but i prefer tight fitting..for comfortable fit go one size up', 'Nice', 'It was a very good quality product. I love this ‚ù§Ô∏è']"
19,https://flipkart.com/klart-checkered-women-pleated-black-white-skirt/p/itmf5233b9f87e41?pid=SKIG5MJ63YGT6CK3&lid=LSTSKIG5MJ63YGT6CK3US2WPQ&marketplace=FLIPKART&store=clo%2Fvua%2Fiku&srno=b_1_20&otracker=browse&fm=organic&iid=en_JKUuD7M4UgkZ%2BF79sQVFP9BSHcmLJN%2FcnGDDuIDKVtC7ncN3aaEwffKR6Iu90Wy76cKLZ%2FUwS0sSyZzp1rWmOQ%3D%3D&ppt=None&ppn=None&ssid=ifg1tanbrk0000001670218388920,KLART¬†, ,‚Çπ719,"‚Çπ1,499",4.3,248,24,"['As shown as the pic..The quality of skirt is too good.totally loved itüòç‚ù§value for price. Just go for thisüòó', 'If you are a kpop fan you will love it, just go for it very nice product with affordable priceüíú', ""I'm honestly really impressed with this product. I didn't really expected it to be this good. It fits perfectly, I brought it because my friend's birthday is coming and I almost had nothing to wear. The quality is also good and it had cycling shots attached with it. Would recommend to buy :)""]"
20,https://flipkart.com/kotty-solid-women-pencil-black-skirt/p/itm979cfab19c8d1?pid=SKIGCCM8TWUZPEVP&lid=LSTSKIGCCM8TWUZPEVPJBVXM6&marketplace=FLIPKART&store=clo%2Fvua%2Fiku&srno=b_1_21&otracker=browse&fm=organic&iid=54492f58-4f30-4c61-a1d9-5b971568f439.SKIGCCM8TWUZPEVP.SEARCH&ppt=None&ppn=None&ssid=ifg1tanbrk0000001670218388920,KOTTY¬†, ,‚Çπ349,"‚Çπ1,999",4.1,340,15,"['Awesome  product üëå  very comfortable , stretchable and nice fabric . Quality is also good and same as shown... loved it.....', 'Very very comfortable & beautiful I loved it üòç‚ô•', ""It's very very nice go for it‚ù§""]"
21,https://flipkart.com/montrez-solid-women-straight-dark-blue-skirt/p/itm918546888c1f2?pid=SKIGFHMYPMAR6DYH&lid=LSTSKIGFHMYPMAR6DYHPXXFVJ&marketplace=FLIPKART&store=clo%2Fvua%2Fiku&srno=b_1_22&otracker=browse&fm=organic&iid=54492f58-4f30-4c61-a1d9-5b971568f439.SKIGFHMYPMAR6DYH.SEARCH&ppt=None&ppn=None&ssid=ifg1tanbrk0000001670218388920,MONTREZ¬†, ,‚Çπ349,"‚Çπ1,499",4.1,8568,768,"['I love this product small size.Thank you Flipkart ‚ù§Ô∏è', ""It's really versatile, goes with almost everything! Very good investment"", 'Very nice ‚ô•Ô∏èüòç']"
22,https://flipkart.com/sassafras-floral-print-women-a-line-brown-orange-skirt/p/itmfe3dhyexnhfpj?pid=SKIFE3F6R6PF7W9Y&lid=LSTSKIFE3F6R6PF7W9YYJNQCK&marketplace=FLIPKART&store=clo%2Fvua%2Fiku&srno=b_1_23&otracker=browse&fm=organic&iid=54492f58-4f30-4c61-a1d9-5b971568f439.SKIFE3F6R6PF7W9Y.SEARCH&ppt=None&ppn=None&ssid=ifg1tanbrk0000001670218388920,SASSAFRAS¬†, ,‚Çπ599,"‚Çπ1,499",4.3,1073,131,"['exactly as on the picture. Material is also good. fits great', 'lovely . beautiful skirt. breezy feel. light to wear and touch', ""It's a awesome product...if anyone is wishing to buy ..should order it without any confusion""]"
23,https://flipkart.com/jyotrang-solid-women-tube-black-skirt/p/itm8df8e7512a875?pid=SKIGG6GFUJGGSHER&lid=LSTSKIGG6GFUJGGSHERJLDNH8&marketplace=FLIPKART&store=clo%2Fvua%2Fiku&srno=b_1_24&otracker=browse&fm=organic&iid=en_JKUuD7M4UgkZ%2BF79sQVFP9BSHcmLJN%2FcnGDDuIDKVtBhK9kEGwX5oLyzjNI43daCLqoFnR4LV8aWdwcn4vGa%2Bg%3D%3D&ppt=None&ppn=None&ssid=ifg1tanbrk0000001670218388920,JYOTRANG¬†, ,‚Çπ494,‚Çπ999,0,0,0,[]
24,https://flipkart.com/areca-designer-solid-women-a-line-maroon-skirt/p/itmb73f60061f9bf?pid=SKIGFYGTGZU9MTVK&lid=LSTSKIGFYGTGZU9MTVKCX8MZM&marketplace=FLIPKART&store=clo%2Fvua%2Fiku&srno=b_1_25&otracker=browse&fm=organic&iid=54492f58-4f30-4c61-a1d9-5b971568f439.SKIGFYGTGZU9MTVK.SEARCH&ppt=None&ppn=None&ssid=ifg1tanbrk0000001670218388920,Areca Designer¬†, ,‚Çπ422,"‚Çπ1,499",4.4,110,9,"['Nice colour, best fit, good qualityLove itüñ§', ""It's awesome"", 'Superb. Correct fit. Good material quality']"
25,https://flipkart.com/tokyo-talkies-solid-women-skorts-black-skirt/p/itm7f5b1a18761c0?pid=SKIG87J7XBKGYEQD&lid=LSTSKIG87J7XBKGYEQDPH8E1R&marketplace=FLIPKART&store=clo%2Fvua%2Fiku&srno=b_1_26&otracker=browse&fm=organic&iid=54492f58-4f30-4c61-a1d9-5b971568f439.SKIG87J7XBKGYEQD.SEARCH&ppt=None&ppn=None&ssid=ifg1tanbrk0000001670218388920,Tokyo Talkies¬†, ,‚Çπ968,"‚Çπ3,099",4.2,29,3,"['Very nice skirt loved it', 'Very nice product. Quality and the colour of the skirt is too good . It is very comfortable to wear. Overall it is an awesome product üëåüëå', 'The skirt is good !!']"
26,https://flipkart.com/darzi-solid-women-asymetric-pink-skirt/p/itm3b9b7d411c3e5?pid=SKIGBHRBGAY8VEYB&lid=LSTSKIGBHRBGAY8VEYBSC4LV5&marketplace=FLIPKART&store=clo%2Fvua%2Fiku&srno=b_1_27&otracker=browse&fm=organic&iid=54492f58-4f30-4c61-a1d9-5b971568f439.SKIGBHRBGAY8VEYB.SEARCH&ppt=None&ppn=None&ssid=ifg1tanbrk0000001670218388920,DARZI¬†, ,‚Çπ299,"‚Çπ1,199",4.2,295,24,"['Thx Flipkart ü§ü', 'Looking fabulous', ""It's nice""]"
27,https://flipkart.com/blazze-solid-women-flared-maroon-skirt/p/itm3a7b1f0a448f2?pid=SKIG89QYPSMYDCFG&lid=LSTSKIG89QYPSMYDCFGXC8IWS&marketplace=FLIPKART&store=clo%2Fvua%2Fiku&srno=b_1_28&otracker=browse&fm=organic&iid=en_JKUuD7M4UgkZ%2BF79sQVFP9BSHcmLJN%2FcnGDDuIDKVtC4BtWlUfPIPW2wSMecFrMJmThl5JT80ZbfVhaEAevBkA%3D%3D&ppt=None&ppn=None&ssid=ifg1tanbrk0000001670218388920,THE BLAZZE¬†, ,‚Çπ379,‚Çπ799,4.3,4,0,[]
28,https://flipkart.com/sassafras-floral-print-women-pencil-green-blue-pink-skirt/p/itmf92fyyvwd6rkr?pid=SKIF92Y6KKRCESYX&lid=LSTSKIF92Y6KKRCESYXSSFUJ4&marketplace=FLIPKART&store=clo%2Fvua%2Fiku&spotlightTagId=TrendingId_clo%2Fvua%2Fiku&srno=b_1_29&otracker=browse&fm=organic&iid=54492f58-4f30-4c61-a1d9-5b971568f439.SKIF92Y6KKRCESYX.SEARCH&ppt=None&ppn=None&ssid=ifg1tanbrk0000001670218388920,SASSAFRAS¬†, ,‚Çπ659,"‚Çπ1,599",4,346,42,"[""Loved the fit.. it's perfect n classy.."", 'I really liked it.It is Amazing . thank you Flipkart', 'Very casual and dull print and a soft uncrisp fabric...without any lining']"
29,https://flipkart.com/fkube-printed-women-pleated-pink-skirt/p/itmbc3cabd9cf8d2?pid=SKIG56GZNWZAE4CZ&lid=LSTSKIG56GZNWZAE4CZVXOME1&marketplace=FLIPKART&store=clo%2Fvua%2Fiku&srno=b_1_30&otracker=browse&fm=organic&iid=54492f58-4f30-4c61-a1d9-5b971568f439.SKIG56GZNWZAE4CZ.SEARCH&ppt=None&ppn=None&ssid=ifg1tanbrk0000001670218388920,FKUBE¬†, ,‚Çπ382,‚Çπ499,4.3,1786,216,"['Loved the skirt. Satisfied with the style and price :D', 'Very nice skirt.. color quality everything is good. Go with it', 'Woow lovely osamüòÄ']"
30,https://flipkart.com/mehrang-solid-women-flared-blue-skirt/p/itm088bd4658b3cd?pid=SKIGGGESNTQYDVHR&lid=LSTSKIGGGESNTQYDVHRIIBAZP&marketplace=FLIPKART&store=clo%2Fvua%2Fiku&srno=b_1_31&otracker=browse&fm=organic&iid=54492f58-4f30-4c61-a1d9-5b971568f439.SKIGGGESNTQYDVHR.SEARCH&ppt=None&ppn=None&ssid=ifg1tanbrk0000001670218388920,Mehrang¬†, ,‚Çπ380,‚Çπ999,4.2,2758,248,"[""It's nice product."", 'Osm product ü§ó', 'Great quality']"
31,https://flipkart.com/cutiekins-floral-print-girls-asymetric-light-blue-white-skirt/p/itm683baf00be068?pid=SKIFZMTQ9GFF5HYQ&lid=LSTSKIFZMTQ9GFF5HYQ9PYBUR&marketplace=FLIPKART&store=clo%2Fvua%2Fiku&srno=b_1_32&otracker=browse&fm=organic&iid=en_JKUuD7M4UgkZ%2BF79sQVFP9BSHcmLJN%2FcnGDDuIDKVtAV3OWQmR6djWUqf6Xr86Mil8y85NCpv1SclyLT%2B1WE3Q%3D%3D&ppt=None&ppn=None&ssid=ifg1tanbrk0000001670218388920,CUTIEKINS¬†, ,‚Çπ276,"‚Çπ1,099",3.8,113,8,"['Very good', 'Good', 'Bad']"
32,https://flipkart.com/scube-designs-solid-women-pencil-black-skirt/p/itme5d5277ec8b6f?pid=SKIG9E4A7HMG58YD&lid=LSTSKIG9E4A7HMG58YDEQ48GQ&marketplace=FLIPKART&store=clo%2Fvua%2Fiku&srno=b_1_33&otracker=browse&fm=organic&iid=54492f58-4f30-4c61-a1d9-5b971568f439.SKIG9E4A7HMG58YD.SEARCH&ppt=None&ppn=None&ssid=ifg1tanbrk0000001670218388920,SCUBE DESIGNS¬†, ,‚Çπ340,"‚Çπ1,299",3.9,415,35,"['Amazing purchase.. n comfortable fabric and size also 5 star for the skirt üëçüèª', 'Superb', 'Just awesome skirt']"
33,https://flipkart.com/areca-designer-solid-women-a-line-black-skirt/p/itm7469a98d3ff6e?pid=SKIGHYBTEKYKCVAP&lid=LSTSKIGHYBTEKYKCVAPCIPIMR&marketplace=FLIPKART&store=clo%2Fvua%2Fiku&srno=b_1_34&otracker=browse&fm=organic&iid=54492f58-4f30-4c61-a1d9-5b971568f439.SKIGHYBTEKYKCVAP.SEARCH&ppt=None&ppn=None&ssid=ifg1tanbrk0000001670218388920,Areca Designer¬†, ,‚Çπ367,"‚Çπ1,999",3.4,32,0,[]
34,https://flipkart.com/tokyo-talkies-solid-women-a-line-grey-skirt/p/itmfde259218f84c?pid=SKIGAMAQJ2G8QSUJ&lid=LSTSKIGAMAQJ2G8QSUJIZPS2Y&marketplace=FLIPKART&store=clo%2Fvua%2Fiku&srno=b_1_35&otracker=browse&fm=organic&iid=54492f58-4f30-4c61-a1d9-5b971568f439.SKIGAMAQJ2G8QSUJ.SEARCH&ppt=None&ppn=None&ssid=ifg1tanbrk0000001670218388920,Tokyo Talkies¬†, ,‚Çπ300,"‚Çπ1,149",4.4,176,14,"[""It's awesome üëå"", 'Excellent üòòü§©', 'Size not fitting']"
35,https://flipkart.com/ad2cart-solid-women-pencil-black-skirt/p/itme2d106f22c0ab?pid=SKIGGN4FW5MZQT5P&lid=LSTSKIGGN4FW5MZQT5P9VL7KO&marketplace=FLIPKART&store=clo%2Fvua%2Fiku&srno=b_1_36&otracker=browse&fm=organic&iid=en_JKUuD7M4UgkZ%2BF79sQVFP9BSHcmLJN%2FcnGDDuIDKVtAZy3edeCQDBIa%2BtPolwRz6Oi%2Fv9sG9IJO8Djp3pEgOZg%3D%3D&ppt=None&ppn=None&ssid=ifg1tanbrk0000001670218388920,AD2CART¬†, ,‚Çπ499,‚Çπ799,0,0,0,[]
36,https://flipkart.com/kotty-solid-women-a-line-blue-skirt/p/itm44a1a5d82913b?pid=SKIGC2DYGHWSF3HQ&lid=LSTSKIGC2DYGHWSF3HQIYA9I6&marketplace=FLIPKART&store=clo%2Fvua%2Fiku&srno=b_1_37&otracker=browse&fm=organic&iid=54492f58-4f30-4c61-a1d9-5b971568f439.SKIGC2DYGHWSF3HQ.SEARCH&ppt=None&ppn=None&ssid=ifg1tanbrk0000001670218388920,KOTTY¬†, ,‚Çπ349,"‚Çπ1,999",3.9,362,27,"['I totally love the skirt...its length is good not that much shorter in the picture perfectly fits me', 'I like it product,  go for it.', 'Its beautiful ‚ù§ And comfortable']"
38,https://flipkart.com/eddlees-solid-women-pencil-black-skirt/p/itme5d56d887ecb9?pid=SKIGEG8BPHENRQCY&lid=LSTSKIGEG8BPHENRQCY9NFSGF&marketplace=FLIPKART&store=clo%2Fvua%2Fiku&srno=b_1_39&otracker=browse&fm=organic&iid=54492f58-4f30-4c61-a1d9-5b971568f439.SKIGEG8BPHENRQCY.SEARCH&ppt=None&ppn=None&ssid=ifg1tanbrk0000001670218388920,eddlees¬†, ,‚Çπ194,‚Çπ699,4.2,106,10,"['Nice scart', 'liked itüíúüíú', 'Nice']"
39,https://flipkart.com/fashiondrem-floral-print-girls-a-line-light-blue-white-skirt/p/itm0477d47bc26ce?pid=SKIGGSH6V23ZEGJC&lid=LSTSKIGGSH6V23ZEGJC7YWR78&marketplace=FLIPKART&store=clo%2Fvua%2Fiku&srno=b_1_40&otracker=browse&fm=organic&iid=en_JKUuD7M4UgkZ%2BF79sQVFP9BSHcmLJN%2FcnGDDuIDKVtDOSJoafUo6jmsALOc9A8qtnLe9f%2BN5u6AoGByKHZpTyw%3D%3D&ppt=None&ppn=None&ssid=ifg1tanbrk0000001670218388920,Fashiondrem¬†, ,‚Çπ486,"‚Çπ1,999",0,0,0,[]
